row_idx,origin,image_file,code_file,caption_file,pdf_file
358,arxiv,358_image.png,358_code.tex,358_caption.txt,358_document.pdf
409,arxiv,409_image.png,409_code.tex,409_caption.txt,409_document.pdf
529,arxiv,529_image.png,529_code.tex,529_caption.txt,529_document.pdf
390,arxiv,390_image.png,390_code.tex,390_caption.txt,390_document.pdf
607,arxiv,607_image.png,607_code.tex,607_caption.txt,607_document.pdf
531,arxiv,531_image.png,531_code.tex,531_caption.txt,531_document.pdf
405,arxiv,405_image.png,405_code.tex,405_caption.txt,405_document.pdf
342,arxiv,342_image.png,342_code.tex,342_caption.txt,342_document.pdf
408,arxiv,408_image.png,408_code.tex,408_caption.txt,408_document.pdf
657,arxiv,657_image.png,657_code.tex,657_caption.txt,657_document.pdf
571,arxiv,571_image.png,571_code.tex,571_caption.txt,571_document.pdf
476,arxiv,476_image.png,476_code.tex,476_caption.txt,476_document.pdf
658,arxiv,658_image.png,658_code.tex,658_caption.txt,658_document.pdf
480,arxiv,480_image.png,480_code.tex,480_caption.txt,480_document.pdf
434,arxiv,434_image.png,434_code.tex,434_caption.txt,434_document.pdf
427,arxiv,427_image.png,427_code.tex,427_caption.txt,427_document.pdf
336,arxiv,336_image.png,336_code.tex,336_caption.txt,336_document.pdf
552,arxiv,552_image.png,552_code.tex,552_caption.txt,552_document.pdf
561,arxiv,561_image.png,561_code.tex,561_caption.txt,561_document.pdf
366,arxiv,366_image.png,366_code.tex,366_caption.txt,366_document.pdf
